Workbook

Sheet Opis
A1: Trzecia wersja turnieju - krótsze rozgrywki (alfa = 0,6, normalna macierz wypłat)
A2: n | B2: 10000
A4: Legenda
A5: Wredna - może zdradzić jako pierwsza
A6: Reagująca - może zareagować na to co robi przeciwnik
A7: Przebaczająca - jest reagująca i jest w stanie współpracować po jednokrotnej zdradzie
A8: Odgrywająca się - reagująca i może odegrać się za zdradzanie (prędzej czy później)
A9: Losowa - posiada jakikolwiek element losowości (nie na 100% przewidywalna)

Sheet Które jakie
A1: Strategia | B1: Czy_wredna | C1: Czy_reagująca | D1: Czy_przebacza | E1: Czy_odgrywa_się | F1: Czy_losowa
A2: Zawsze Zdrada | B2: 1 | C2: 0 | D2: 0 | E2: 0 | F2: 0
A3: Odsiew Frajerów | B3: 1 | C3: 1 | D3: 1 | E3: 1 | F3: 0
A4: Foch Forever | B4: 0 | C4: 1 | D4: 0 | E4: 1 | F4: 0
A5: Sprawdź kanał autora (Paradoxalnie) | B5: 0 | C5: 1 | D5: 1 | E5: 1 | F5: 0
A6: Przebaczający Do Czasu | B6: 0 | C6: 1 | D6: 1 | E6: 1 | F6: 0
A7: Orzechowa Szansa | B7: 0 | C7: 1 | D7: 1 | E7: 1 | F7: 0
A8: Wiara w Ludzkość | B8: 0 | C8: 1 | D8: 1 | E8: 1 | F8: 1
A9: Jedikarix | B9: 1 | C9: 1 | D9: 1 | E9: 1 | F9: 1
A10: Wet Za Wet | B10: 0 | C10: 1 | D10: 1 | E10: 1 | F10: 0
A11: Kuba Subcio | B11: 1 | C11: 1 | D11: 1 | E11: 1 | F11: 0
A12: Trynidad_Tobago | B12: 1 | C12: 1 | D12: 1 | E12: 1 | F12: 1
A13: Dwulicowiec | B13: 1 | C13: 1 | D13: 1 | E13: 1 | F13: 0
... A24: Pruski Kwadrat | B24: 1 | C24: 0 | D24: 0 | E24: 0 | F24: 0
B26: Wredne | C26: Reagujące | D26: Przebaczające | E26: Odgrywające się | F26: Losowe
B27: =SUM(B2:B24) -> 15 | C27: =SUM(C2:C24) -> 17 | D27: =SUM(D2:D24) -> 16 | E27: =SUM(E2:E24) -> 16 | F27: =SUM(F2:F24) -> 6
B28: =B27/23 -> 0.65217391 | C28: =C27/23 -> 0.73913043 | D28: =D27/23 -> 0.69565217 | E28: =E27/23 -> 0.69565217 | F28: =F27/23 -> 0.26086957

Sheet Wcześniej
A1: Miejsce | B1: Strategia | C1: Punkty
A2: 1 | B2: Foch Forever | C2: 165716
A3: 2 | B3: Zawsze Zdrada | C3: 164585
A4: 3 | B4: Odsiew Frajerów | C4: 163418
A5: 4 | B5: Sprawdź kanał autora (Paradoxalnie) | C5: 159324
A6: 5 | B6: Przebaczający Do Czasu | C6: 149039
A7: 6 | B7: Orzechowa Szansa | C7: 146077
A8: 7 | B8: Wiara w Ludzkość | C8: 138666
A9: 8 | B9: Jedikarix | C9: 135408
A10: 9 | B10: Wet Za Wet | C10: 134566
A11: 10 | B11: Trynidad_Tobago | C11: 126044
A12: 11 | B12: Kuba Subcio | C12: 125481
A13: 12 | B13: Dwulicowiec | C13: 122323
... A24: 23 | B24: Pruski Kwadrat | C24: 56757

Sheet Wyniki
A1: Miejsce | B1: Strategia | C1: Punkty | D1: % maksimum | F1: Zmiana miejsca | G1: Zmiana punktów | J1: Czy_wredna | K1: Czy_reagująca | L1: Czy_przebacza | M1: Czy_odgrywa_się | N1: Czy_losowa
A2: 1 | B2: Zawsze Zdrada | C2: 208765 | D2: =C2/Opis!$B$2/(COUNTA(B:B)-1) -> 0.90767391 | E2: =D2 -> 0.90767391 | F2: =_xlfn.XLOOKUP($B2,Wcześniej!$B:$B,Wcześniej!$A:$A)-A2 -> 1 | G2: =C2-_xlfn.XLOOKUP($B2,Wcześniej!$B:$B,Wcześniej!$C:$C) -> 44180 | H2: =G2 -> 44180 | J2: =VLOOKUP($B2,'Które jakie'!$A$1:$F$24,2,FALSE) -> 1 | K2: =VLOOKUP($B2,'Które jakie'!$A$1:$F$24,3,FALSE) -> 0 | L2: =VLOOKUP($B2,'Które jakie'!$A$1:$F$24,4,FALSE) -> 0 | M2: =VLOOKUP($B2,'Które jakie'!$A$1:$F$24,5,FALSE) -> 0 | N2: =VLOOKUP($B2,'Które jakie'!$A$1:$F$24,6,FALSE) -> 0
A3: 2 | B3: Odsiew Frajerów | C3: 208030 | D3: =C3/Opis!$B$2/(COUNTA(B:B)-1) -> 0.90447826 | E3: =D3 -> 0.90447826 | F3: =_xlfn.XLOOKUP($B3,Wcześniej!$B:$B,Wcześniej!$A:$A)-A3 -> 1 | G3: =C3-_xlfn.XLOOKUP($B3,Wcześniej!$B:$B,Wcześniej!$C:$C) -> 44612 | H3: =G3 -> 44612 | J3: =VLOOKUP($B3,'Które jakie'!$A$1:$F$24,2,FALSE) -> 1 | K3: =VLOOKUP($B3,'Które jakie'!$A$1:$F$24,3,FALSE) -> 1 | L3: =VLOOKUP($B3,'Które jakie'!$A$1:$F$24,4,FALSE) -> 1 | M3: =VLOOKUP($B3,'Które jakie'!$A$1:$F$24,5,FALSE) -> 1 | N3: =VLOOKUP($B3,'Które jakie'!$A$1:$F$24,6,FALSE) -> 0
A4: 3 | B4: Kuba Subcio | C4: 195033 | D4: =C4/Opis!$B$2/(COUNTA(B:B)-1) -> 0.84796957 | E4: =D4 -> 0.84796957 | F4: =_xlfn.XLOOKUP($B4,Wcześniej!$B:$B,Wcześniej!$A:$A)-A4 -> 8 | G4: =C4-_xlfn.XLOOKUP($B4,Wcześniej!$B:$B,Wcześniej!$C:$C) -> 69552 | H4: =G4 -> 69552 | J4: =VLOOKUP($B4,'Które jakie'!$A$1:$F$24,2,FALSE) -> 1 | K4: =VLOOKUP($B4,'Które jakie'!$A$1:$F$24,3,FALSE) -> 1 | L4: =VLOOKUP($B4,'Które jakie'!$A$1:$F$24,4,FALSE) -> 1 | M4: =VLOOKUP($B4,'Które jakie'!$A$1:$F$24,5,FALSE) -> 1 | N4: =VLOOKUP($B4,'Które jakie'!$A$1:$F$24,6,FALSE) -> 0
A5: 4 | B5: Krukindzek | C5: 159887 | D5: =C5/Opis!$B$2/(COUNTA(B:B)-1) -> 0.69516087 | E5: =D5 -> 0.69516087 | F5: =_xlfn.XLOOKUP($B5,Wcześniej!$B:$B,Wcześniej!$A:$A)-A5 -> 12 | G5: =C5-_xlfn.XLOOKUP($B5,Wcześniej!$B:$B,Wcześniej!$C:$C) -> 53069 | H5: =G5 -> 53069 | J5: =VLOOKUP($B5,'Które jakie'!$A$1:$F$24,2,FALSE) -> 1 | K5: =VLOOKUP($B5,'Które jakie'!$A$1:$F$24,3,FALSE) -> 1 | L5: =VLOOKUP($B5,'Które jakie'!$A$1:$F$24,4,FALSE) -> 1 | M5: =VLOOKUP($B5,'Które jakie'!$A$1:$F$24,5,FALSE) -> 1 | N5: =VLOOKUP($B5,'Które jakie'!$A$1:$F$24,6,FALSE) -> 0
A6: 5 | B6: Nie Lubi Przegrywać | C6: 158171 | D6: =C6/Opis!$B$2/(COUNTA(B:B)-1) -> 0.6877 | E6: =D6 -> 0.6877 | F6: =_xlfn.XLOOKUP($B6,Wcześniej!$B:$B,Wcześniej!$A:$A)-A6 -> 9 | G6: =C6-_xlfn.XLOOKUP($B6,Wcześniej!$B:$B,Wcześniej!$C:$C) -> 47622 | H6: =G6 -> 47622 | J6: =VLOOKUP($B6,'Które jakie'!$A$1:$F$24,2,FALSE) -> 1 | K6: =VLOOKUP($B6,'Które jakie'!$A$1:$F$24,3,FALSE) -> 1 | L6: =VLOOKUP($B6,'Które jakie'!$A$1:$F$24,4,FALSE) -> 1 | M6: =VLOOKUP($B6,'Które jakie'!$A$1:$F$24,5,FALSE) -> 1 | N6: =VLOOKUP($B6,'Które jakie'!$A$1:$F$24,6,FALSE) -> 0
A7: 6 | B7: Jedikarix | C7: 156786 | D7: =C7/Opis!$B$2/(COUNTA(B:B)-1) -> 0.68167826 | E7: =D7 -> 0.68167826 | F7: =_xlfn.XLOOKUP($B7,Wcześniej!$B:$B,Wcześniej!$A:$A)-A7 -> 2 | G7: =C7-_xlfn.XLOOKUP($B7,Wcześniej!$B:$B,Wcześniej!$C:$C) -> 21378 | H7: =G7 -> 21378 | J7: =VLOOKUP($B7,'Które jakie'!$A$1:$F$24,2,FALSE) -> 1 | K7: =VLOOKUP($B7,'Które jakie'!$A$1:$F$24,3,FALSE) -> 1 | L7: =VLOOKUP($B7,'Które jakie'!$A$1:$F$24,4,FALSE) -> 1 | M7: =VLOOKUP($B7,'Które jakie'!$A$1:$F$24,5,FALSE) -> 1 | N7: =VLOOKUP($B7,'Które jakie'!$A$1:$F$24,6,FALSE) -> 1
A8: 7 | B8: Tutaj Miała Być Sieć Neuronowa | C8: 134963 | D8: =C8/Opis!$B$2/(COUNTA(B:B)-1) -> 0.58679565 | E8: =D8 -> 0.58679565 | F8: =_xlfn.XLOOKUP($B8,Wcześniej!$B:$B,Wcześniej!$A:$A)-A8 -> 11 | G8: =C8-_xlfn.XLOOKUP($B8,Wcześniej!$B:$B,Wcześniej!$C:$C) -> 38042 | H8: =G8 -> 38042 | J8: =VLOOKUP($B8,'Które jakie'!$A$1:$F$24,2,FALSE) -> 1 | K8: =VLOOKUP($B8,'Które jakie'!$A$1:$F$24,3,FALSE) -> 0 | L8: =VLOOKUP($B8,'Które jakie'!$A$1:$F$24,4,FALSE) -> 0 | M8: =VLOOKUP($B8,'Które jakie'!$A$1:$F$24,5,FALSE) -> 0 | N8: =VLOOKUP($B8,'Które jakie'!$A$1:$F$24,6,FALSE) -> 0
A9: 8 | B9: Metoda Kubańska | C9: 128843 | D9: =C9/Opis!$B$2/(COUNTA(B:B)-1) -> 0.56018696 | E9: =D9 -> 0.56018696 | F9: =_xlfn.XLOOKUP($B9,Wcześniej!$B:$B,Wcześniej!$A:$A)-A9 -> 7 | G9: =C9-_xlfn.XLOOKUP($B9,Wcześniej!$B:$B,Wcześniej!$C:$C) -> 20896 | H9: =G9 -> 20896 | J9: =VLOOKUP($B9,'Które jakie'!$A$1:$F$24,2,FALSE) -> 1 | K9: =VLOOKUP($B9,'Które jakie'!$A$1:$F$24,3,FALSE) -> 1 | L9: =VLOOKUP($B9,'Które jakie'!$A$1:$F$24,4,FALSE) -> 1 | M9: =VLOOKUP($B9,'Które jakie'!$A$1:$F$24,5,FALSE) -> 1 | N9: =VLOOKUP($B9,'Które jakie'!$A$1:$F$24,6,FALSE) -> 1
A10: 9 | B10: Fifty-Fifty | C10: 127722 | D10: =C10/Opis!$B$2/(COUNTA(B:B)-1) -> 0.55531304 | E10: =D10 -> 0.55531304 | F10: =_xlfn.XLOOKUP($B10,Wcześniej!$B:$B,Wcześniej!$A:$A)-A10 -> 11 | G10: =C10-_xlfn.XLOOKUP($B10,Wcześniej!$B:$B,Wcześniej!$C:$C) -> 37743 | H10: =G10 -> 37743 | J10: =VLOOKUP($B10,'Które jakie'!$A$1:$F$24,2,FALSE) -> 1 | K10: =VLOOKUP($B10,'Które jakie'!$A$1:$F$24,3,FALSE) -> 0 | L10: =VLOOKUP($B10,'Które jakie'!$A$1:$F$24,4,FALSE) -> 0 | M10: =VLOOKUP($B10,'Które jakie'!$A$1:$F$24,5,FALSE) -> 0 | N10: =VLOOKUP($B10,'Które jakie'!$A$1:$F$24,6,FALSE) -> 1
A11: 10 | B11: DarwoX | C11: 126710 | D11: =C11/Opis!$B$2/(COUNTA(B:B)-1) -> 0.55091304 | E11: =D11 -> 0.55091304 | F11: =_xlfn.XLOOKUP($B11,Wcześniej!$B:$B,Wcześniej!$A:$A)-A11 -> 11 | G11: =C11-_xlfn.XLOOKUP($B11,Wcześniej!$B:$B,Wcześniej!$C:$C) -> 37223 | H11: =G11 -> 37223 | J11: =VLOOKUP($B11,'Które jakie'!$A$1:$F$24,2,FALSE) -> 1 | K11: =VLOOKUP($B11,'Które jakie'!$A$1:$F$24,3,FALSE) -> 0 | L11: =VLOOKUP($B11,'Które jakie'!$A$1:$F$24,4,FALSE) -> 0 | M11: =VLOOKUP($B11,'Które jakie'!$A$1:$F$24,5,FALSE) -> 0 | N11: =VLOOKUP($B11,'Które jakie'!$A$1:$F$24,6,FALSE) -> 0
A12: 11 | B12: Trynidad_Tobago | C12: 110466 | D12: =C12/Opis!$B$2/(COUNTA(B:B)-1) -> 0.48028696 | E12: =D12 -> 0.48028696 | F12: =_xlfn.XLOOKUP($B12,Wcześniej!$B:$B,Wcześniej!$A:$A)-A12 -> -1 | G12: =C12-_xlfn.XLOOKUP($B12,Wcześniej!$B:$B,Wcześniej!$C:$C) -> -15578 | H12: =G12 -> -15578 | J12: =VLOOKUP($B12,'Które jakie'!$A$1:$F$24,2,FALSE) -> 1 | K12: =VLOOKUP($B12,'Które jakie'!$A$1:$F$24,3,FALSE) -> 1 | L12: =VLOOKUP($B12,'Które jakie'!$A$1:$F$24,4,FALSE) -> 1 | M12: =VLOOKUP($B12,'Które jakie'!$A$1:$F$24,5,FALSE) -> 1 | N12: =VLOOKUP($B12,'Które jakie'!$A$1:$F$24,6,FALSE) -> 1
A13: 12 | B13: Foch Forever | C13: 110406 | D13: =C13/Opis!$B$2/(COUNTA(B:B)-1) -> 0.48002609 | E13: =D13 -> 0.48002609 | F13: =_xlfn.XLOOKUP($B13,Wcześniej!$B:$B,Wcześniej!$A:$A)-A13 -> -11 | G13: =C13-_xlfn.XLOOKUP($B13,Wcześniej!$B:$B,Wcześniej!$C:$C) -> -55310 | H13: =G13 -> -55310 | J13: =VLOOKUP($B13,'Które jakie'!$A$1:$F$24,2,FALSE) -> 0 | K13: =VLOOKUP($B13,'Które jakie'!$A$1:$F$24,3,FALSE) -> 1 | L13: =VLOOKUP($B13,'Które jakie'!$A$1:$F$24,4,FALSE) -> 0 | M13: =VLOOKUP($B13,'Które jakie'!$A$1:$F$24,5,FALSE) -> 1 | N13: =VLOOKUP($B13,'Które jakie'!$A$1:$F$24,6,FALSE) -> 0
... A24: 23 | B24: Zawsze Lojalność | C24: 55883 | D24: =C24/Opis!$B$2/(COUNTA(B:B)-1) -> 0.24296957 | E24: =D24 -> 0.24296957 | F24: =_xlfn.XLOOKUP($B24,Wcześniej!$B:$B,Wcześniej!$A:$A)-A24 -> -1 | G24: =C24-_xlfn.XLOOKUP($B24,Wcześniej!$B:$B,Wcześniej!$C:$C) -> -4415 | H24: =G24 -> -4415 | J24: =VLOOKUP($B24,'Które jakie'!$A$1:$F$24,2,FALSE) -> 0 | K24: =VLOOKUP($B24,'Które jakie'!$A$1:$F$24,3,FALSE) -> 0 | L24: =VLOOKUP($B24,'Które jakie'!$A$1:$F$24,4,FALSE) -> 0 | M24: =VLOOKUP($B24,'Które jakie'!$A$1:$F$24,5,FALSE) -> 0 | N24: =VLOOKUP($B24,'Które jakie'!$A$1:$F$24,6,FALSE) -> 0
J26: Wredne | K26: Reagujące | L26: Przebaczające | M26: Odgrywające się | N26: Losowe
J27: =SUM(J2:J24) -> 15 | K27: =SUM(K2:K24) -> 17 | L27: =SUM(L2:L24) -> 16 | M27: =SUM(M2:M24) -> 16 | N27: =SUM(N2:N24) -> 6
J28: =J27/$A$24 -> 0.65217391 | K28: =K27/$A$24 -> 0.73913043 | L28: =L27/$A$24 -> 0.69565217 | M28: =M27/$A$24 -> 0.69565217 | N28: =N27/$A$24 -> 0.26086957

Sheet Wygląd
B2: Miejsce | C2: Strategia | D2: Punkty | E2: % maksimum | G2: Zmiana miejsca | H2: Zmiana punktów | L2: Czy_wredna
B3: 1 | C3: Zawsze Zdrada | D3: 208765 | E3: 0.90767391 | F3: =E3 -> 0.90767391 | G3: 1 | H3: 44180 | I3: =H3 -> 44180 | L3: 1
B4: 2 | C4: Odsiew Frajerów | D4: 208030 | E4: 0.90447826 | F4: =E4 -> 0.90447826 | G4: 1 | H4: 44612 | I4: =H4 -> 44612 | L4: 1
B5: 3 | C5: Kuba Subcio | D5: 195033 | E5: 0.84796957 | F5: =E5 -> 0.84796957 | G5: 8 | H5: 69552 | I5: =H5 -> 69552 | L5: 1
B6: 4 | C6: Krukindzek | D6: 159887 | E6: 0.69516087 | F6: =E6 -> 0.69516087 | G6: 12 | H6: 53069 | I6: =H6 -> 53069 | L6: 1
B7: 5 | C7: Nie Lubi Przegrywać | D7: 158171 | E7: 0.6877 | F7: =E7 -> 0.6877 | G7: 9 | H7: 47622 | I7: =H7 -> 47622 | L7: 1
B8: 6 | C8: Jedikarix | D8: 156786 | E8: 0.68167826 | F8: =E8 -> 0.68167826 | G8: 2 | H8: 21378 | I8: =H8 -> 21378 | L8: 1
B9: 7 | C9: Tutaj Miała Być Sieć Neuronowa | D9: 134963 | E9: 0.58679565 | F9: =E9 -> 0.58679565 | G9: 11 | H9: 38042 | I9: =H9 -> 38042 | L9: 1
B10: 8 | C10: Metoda Kubańska | D10: 128843 | E10: 0.56018696 | F10: =E10 -> 0.56018696 | G10: 7 | H10: 20896 | I10: =H10 -> 20896 | L10: 1
B11: 9 | C11: Fifty-Fifty | D11: 127722 | E11: 0.55531304 | F11: =E11 -> 0.55531304 | G11: 11 | H11: 37743 | I11: =H11 -> 37743 | L11: 1
B12: 10 | C12: DarwoX | D12: 126710 | E12: 0.55091304 | F12: =E12 -> 0.55091304 | G12: 11 | H12: 37223 | I12: =H12 -> 37223 | L12: 1
B13: 11 | C13: Trynidad_Tobago | D13: 110466 | E13: 0.48028696 | F13: =E13 -> 0.48028696 | G13: -1 | H13: -15578 | I13: =H13 -> -15578 | L13: 1
B14: 12 | C14: Foch Forever | D14: 110406 | E14: 0.48002609 | F14: =E14 -> 0.48002609 | G14: -11 | H14: -55310 | I14: =H14 -> -55310 | L14: 0
... B25: 23 | C25: Zawsze Lojalność | D25: 55883 | E25: 0.24296957 | F25: =E25 -> 0.24296957 | G25: -1 | H25: -4415 | I25: =H25 -> -4415 | L25: 0
